{
  "hash": "b35b16c6",
  "configHash": "0e07452c",
  "lockfileHash": "bbd4ab34",
  "browserHash": "185efb25",
  "optimized": {
    "@angular/common": {
      "src": "../../../../../../node_modules/@angular/common/fesm2022/common.mjs",
      "file": "@angular_common.js",
      "fileHash": "3f946c63",
      "needsInterop": false
    },
    "@angular/common/http": {
      "src": "../../../../../../node_modules/@angular/common/fesm2022/http.mjs",
      "file": "@angular_common_http.js",
      "fileHash": "e9f67f59",
      "needsInterop": false
    },
    "@angular/core": {
      "src": "../../../../../../node_modules/@angular/core/fesm2022/core.mjs",
      "file": "@angular_core.js",
      "fileHash": "2e314d2b",
      "needsInterop": false
    },
    "@angular/forms": {
      "src": "../../../../../../node_modules/@angular/forms/fesm2022/forms.mjs",
      "file": "@angular_forms.js",
      "fileHash": "b3971916",
      "needsInterop": false
    },
    "@angular/platform-browser": {
      "src": "../../../../../../node_modules/@angular/platform-browser/fesm2022/platform-browser.mjs",
      "file": "@angular_platform-browser.js",
      "fileHash": "69bc6c52",
      "needsInterop": false
    },
    "@angular/platform-browser/animations/async": {
      "src": "../../../../../../node_modules/@angular/platform-browser/fesm2022/animations/async.mjs",
      "file": "@angular_platform-browser_animations_async.js",
      "fileHash": "308ab404",
      "needsInterop": false
    },
    "@angular/router": {
      "src": "../../../../../../node_modules/@angular/router/fesm2022/router.mjs",
      "file": "@angular_router.js",
      "fileHash": "da396649",
      "needsInterop": false
    },
    "ng2-charts": {
      "src": "../../../../../../node_modules/ng2-charts/fesm2020/ng2-charts.mjs",
      "file": "ng2-charts.js",
      "fileHash": "6670bd57",
      "needsInterop": false
    },
    "rxjs": {
      "src": "../../../../../../node_modules/rxjs/dist/esm5/index.js",
      "file": "rxjs.js",
      "fileHash": "5334276f",
      "needsInterop": false
    },
    "rxjs/operators": {
      "src": "../../../../../../node_modules/rxjs/dist/esm5/operators/index.js",
      "file": "rxjs_operators.js",
      "fileHash": "f793118e",
      "needsInterop": false
    }
  },
  "chunks": {
    "browser-W4ITJNAA": {
      "file": "browser-W4ITJNAA.js"
    },
    "chunk-RCF53B3P": {
      "file": "chunk-RCF53B3P.js"
    },
    "chunk-CGXHCEO2": {
      "file": "chunk-CGXHCEO2.js"
    },
    "chunk-NBFUZ5ZL": {
      "file": "chunk-NBFUZ5ZL.js"
    },
    "chunk-PI4GD2TL": {
      "file": "chunk-PI4GD2TL.js"
    },
    "chunk-WSXI74FV": {
      "file": "chunk-WSXI74FV.js"
    },
    "chunk-LBBSG2YE": {
      "file": "chunk-LBBSG2YE.js"
    },
    "chunk-NGNUV6BG": {
      "file": "chunk-NGNUV6BG.js"
    }
  }
}